{
  "selection_window": "W0_threshold",
  "score_field": "calibrated_pd",
  "comparison": ">=",
  "minimum_bad_recall": 0.8,
  "selection_rule": "maximize KS; tie: lower high-risk rate, then higher threshold",
  "selected": {
    "threshold": 0.045454545454545456,
    "recall": 0.8983957219251337,
    "fpr": 0.11477129668485103,
    "ks": 0.7836244252402826,
    "high_risk_rate": 0.14435695538057744
  },
  "metrics": {
    "row_count": 4953,
    "roc_auc": 0.9558335446489281,
    "pr_auc": 0.71780679286586,
    "ks": 0.7836244252402826,
    "brier": 0.01690720036625138,
    "ece": 0.004281171620453342,
    "bad_recall": 0.8983957219251337,
    "high_risk_rate": 0.14435695538057744,
    "score_mean": 0.03687256077256893,
    "score_std": 0.1380378764865227
  }
}
