{
  "selection_window": "W0_threshold",
  "score_field": "calibrated_pd",
  "comparison": ">=",
  "minimum_bad_recall": 0.8,
  "selection_rule": "maximize KS; tie: lower high-risk rate, then higher threshold",
  "selected": {
    "threshold": 0.04031869208175635,
    "recall": 0.8983957219251337,
    "fpr": 0.11456147712966848,
    "ks": 0.7838342447954653,
    "high_risk_rate": 0.1441550575408843
  },
  "metrics": {
    "row_count": 4953,
    "roc_auc": 0.947090128158233,
    "pr_auc": 0.7286586276513212,
    "ks": 0.7838342447954653,
    "brier": 0.016560928983940144,
    "ece": 0.006483435391650246,
    "bad_recall": 0.8983957219251337,
    "high_risk_rate": 0.1441550575408843,
    "score_mean": 0.03515003882529903,
    "score_std": 0.1378617044936955
  }
}
