{
  "selection_window": "W0_threshold",
  "score_field": "calibrated_pd",
  "comparison": ">=",
  "minimum_bad_recall": 0.8,
  "selection_rule": "maximize KS; tie: lower high-risk rate, then higher threshold",
  "selected": {
    "threshold": 0.04123711213469505,
    "recall": 0.9411764705882353,
    "fpr": 0.05979857322702476,
    "ks": 0.8813778973612105,
    "high_risk_rate": 0.09307490409852615
  },
  "metrics": {
    "row_count": 4953,
    "roc_auc": 0.9736710119137113,
    "pr_auc": 0.8679687067123376,
    "ks": 0.8813778973612105,
    "brier": 0.010833613623462164,
    "ece": 0.005373289294422141,
    "bad_recall": 0.9411764705882353,
    "high_risk_rate": 0.09307490409852615,
    "score_mean": 0.03316676479042193,
    "score_std": 0.1542679531771674
  }
}
