{
  "selection_window": "W0_threshold",
  "score_field": "calibrated_pd",
  "comparison": ">=",
  "minimum_bad_recall": 0.8,
  "selection_rule": "maximize KS; tie: lower high-risk rate, then higher threshold",
  "selected": {
    "threshold": 0.06722689419984818,
    "recall": 0.8609625668449198,
    "fpr": 0.07511540075535039,
    "ks": 0.7858471660895694,
    "high_risk_rate": 0.10478497880072683
  },
  "metrics": {
    "row_count": 4953,
    "roc_auc": 0.9571956887130544,
    "pr_auc": 0.7044193049130267,
    "ks": 0.7858471660895694,
    "brier": 0.01710949125078158,
    "ece": 0.002859475669439212,
    "bad_recall": 0.8609625668449198,
    "high_risk_rate": 0.10478497880072683,
    "score_mean": 0.03716975472068917,
    "score_std": 0.13920770165205795
  }
}
