{
  "status": "CHAMPION_V1_W1_HEALTHY",
  "metrics": {
    "row_count": 38611,
    "roc_auc": 0.9567041683672564,
    "pr_auc": 0.7174784140854152,
    "ks": 0.7777726223667825,
    "brier": 0.018116132394764423,
    "ece": 0.004518100392387125,
    "bad_recall": 0.8349451966473244,
    "high_risk_rate": 0.09619020486389888,
    "score_mean": 0.03818747508434811,
    "score_std": 0.14329556071043448
  },
  "w0_threshold_metrics": {
    "row_count": 4953,
    "roc_auc": 0.954814180660247,
    "pr_auc": 0.7256167706580359,
    "ks": 0.7796659044344858,
    "brier": 0.01692175795704289,
    "ece": 0.004640970814007699,
    "bad_recall": 0.8449197860962567,
    "high_risk_rate": 0.09469008681607106,
    "score_mean": 0.03687643557745996,
    "score_std": 0.1383454164382109
  },
  "gates": {
    "roc_auc_gte_0_95": true,
    "ks_gte_0_75": true,
    "bad_recall_gte_0_80": true,
    "brier_lte_0_05": true,
    "auc_drop_lte_0_03": true,
    "ks_drop_lte_0_05": true
  }
}
