{
  "status": "CHAMPION_V1_W1_HEALTHY",
  "metrics": {
    "row_count": 38611,
    "roc_auc": 0.9816244363697602,
    "pr_auc": 0.8690016826817737,
    "ks": 0.8836197630969765,
    "brier": 0.010631101196697598,
    "ece": 0.002992652391366963,
    "bad_recall": 0.9174725983236621,
    "high_risk_rate": 0.07319157752971951,
    "score_mean": 0.03788589865123371,
    "score_std": 0.1660285515363418
  },
  "w0_threshold_metrics": {
    "row_count": 4953,
    "roc_auc": 0.9719189625264519,
    "pr_auc": 0.8631391827014105,
    "ks": 0.8917723805655479,
    "brier": 0.010238388615528553,
    "ece": 0.0037722116967308845,
    "bad_recall": 0.9251336898395722,
    "high_risk_rate": 0.06703008277811427,
    "score_mean": 0.033982684325881675,
    "score_std": 0.1569864360913946
  },
  "gates": {
    "roc_auc_gte_0_95": true,
    "ks_gte_0_75": true,
    "bad_recall_gte_0_80": true,
    "brier_lte_0_05": true,
    "auc_drop_lte_0_03": true,
    "ks_drop_lte_0_05": true
  }
}
