{
  "model_id": "credit_model_034",
  "algorithm_family": "LightGBM",
  "feature_strategy_id": "F04",
  "random_seed": 2026034,
  "selected_parameters": {
    "n_estimators": 500,
    "num_leaves": 31,
    "max_depth": 7,
    "learning_rate": 0.02,
    "min_child_samples": 30,
    "feature_fraction": 0.8,
    "class_weight": null
  },
  "calibrator": "Isotonic",
  "threshold": 0.05333333333333334,
  "status": "CHAMPION_V1_W1_HEALTHY",
  "training_seconds": 4.345905792026315,
  "model_sha256": "d67e25034f1c37f061968f776016f49a8fb83b4a0981bdaea793212a52200900",
  "calibrator_sha256": "241c3f5c3a6698708740da86f5d91e63a7845160faa51e670426b1d4ac385dd4",
  "w1_metrics": {
    "row_count": 38611,
    "roc_auc": 0.957454863477874,
    "pr_auc": 0.7283305346763174,
    "ks": 0.796712842679705,
    "brier": 0.01757856109010676,
    "ece": 0.003955954253399926,
    "bad_recall": 0.8749194068343005,
    "high_risk_rate": 0.11235140245007899,
    "score_mean": 0.03809579915215993,
    "score_std": 0.14432606535833328
  },
  "w2_metrics": {
    "row_count": 37142,
    "roc_auc": 0.9597248131987302,
    "pr_auc": 0.738853749394447,
    "ks": 0.7964305903550899,
    "brier": 0.017269783871220593,
    "ece": 0.0028227013031131842,
    "bad_recall": 0.8778371161548731,
    "high_risk_rate": 0.11496419148134188,
    "score_mean": 0.03880702350620576,
    "score_std": 0.14500223212227764
  },
  "w3_metrics": {
    "row_count": 37049,
    "roc_auc": 0.9637438709028988,
    "pr_auc": 0.7487252674501268,
    "ks": 0.8083057140213867,
    "brier": 0.01675522018726437,
    "ece": 0.002716585031113093,
    "bad_recall": 0.8880697050938338,
    "high_risk_rate": 0.1126076277362412,
    "score_mean": 0.03837324069313665,
    "score_std": 0.14570016916389092
  }
}
