{
  "status": "CHAMPION_V1_W1_HEALTHY",
  "metrics": {
    "row_count": 38611,
    "roc_auc": 0.9634602503894394,
    "pr_auc": 0.7456612231128643,
    "ks": 0.8028172552359896,
    "brier": 0.017030173955698787,
    "ece": 0.004150792706150271,
    "bad_recall": 0.8755641521598968,
    "high_risk_rate": 0.10499598559995856,
    "score_mean": 0.03778598118451339,
    "score_std": 0.14533727830957388
  },
  "w0_threshold_metrics": {
    "row_count": 4953,
    "roc_auc": 0.9549948274430514,
    "pr_auc": 0.7410893260218687,
    "ks": 0.8062961574970658,
    "brier": 0.01578626686151278,
    "ece": 0.005526503951718249,
    "bad_recall": 0.8770053475935828,
    "high_risk_rate": 0.10115081768625075,
    "score_mean": 0.03559715648559715,
    "score_std": 0.14052014132260282
  },
  "gates": {
    "roc_auc_gte_0_95": true,
    "ks_gte_0_75": true,
    "bad_recall_gte_0_80": true,
    "brier_lte_0_05": true,
    "auc_drop_lte_0_03": true,
    "ks_drop_lte_0_05": true
  }
}
