{
  "selection_window": "W0_threshold",
  "score_field": "calibrated_pd",
  "comparison": ">=",
  "minimum_bad_recall": 0.8,
  "selection_rule": "maximize KS; tie: lower high-risk rate, then higher threshold",
  "selected": {
    "threshold": 0.03389830508474576,
    "recall": 0.9251336898395722,
    "fpr": 0.0600083927822073,
    "ks": 0.865125297057365,
    "high_risk_rate": 0.09267110841913992
  },
  "metrics": {
    "row_count": 4953,
    "roc_auc": 0.9718611779965485,
    "pr_auc": 0.850613856777501,
    "ks": 0.865125297057365,
    "brier": 0.010957630470658912,
    "ece": 0.004457365104663556,
    "bad_recall": 0.9251336898395722,
    "high_risk_rate": 0.09267110841913992,
    "score_mean": 0.03395584021551098,
    "score_std": 0.15282527168360746
  }
}
