{
  "selection_window": "W0_threshold",
  "score_field": "calibrated_pd",
  "comparison": ">=",
  "minimum_bad_recall": 0.8,
  "selection_rule": "maximize KS; tie: lower high-risk rate, then higher threshold",
  "selected": {
    "threshold": 0.06976744186046512,
    "recall": 0.9090909090909091,
    "fpr": 0.038187159043222826,
    "ks": 0.8709037500476863,
    "high_risk_rate": 0.07106803957197658
  },
  "metrics": {
    "row_count": 4953,
    "roc_auc": 0.9734331416158574,
    "pr_auc": 0.864161693323927,
    "ks": 0.8709037500476863,
    "brier": 0.010633039355147707,
    "ece": 0.004326269224761626,
    "bad_recall": 0.9090909090909091,
    "high_risk_rate": 0.07106803957197658,
    "score_mean": 0.03378897034553366,
    "score_std": 0.15522181678387637
  }
}
