{
  "model_id": "credit_model_044",
  "algorithm_family": "CatBoost",
  "feature_strategy_id": "F02",
  "random_seed": 2026044,
  "selected_parameters": {
    "iterations": 800,
    "depth": 7,
    "learning_rate": 0.015,
    "l2_leaf_reg": 8,
    "random_strength": 1.5,
    "auto_class_weights": null
  },
  "calibrator": "Isotonic",
  "threshold": 0.05714285714285714,
  "status": "CHAMPION_V1_W1_HEALTHY",
  "training_seconds": 24.925091374956537,
  "model_sha256": "4d4cb35499e9f149ff7a9c819eb483b2bf978e40499d26e09cff90b40c3692d6",
  "calibrator_sha256": "ce2e0e42ae1931be23bb4043fc73f4e0882d57ea473f00cb756ae9cbd5cacfaa",
  "w1_metrics": {
    "row_count": 38611,
    "roc_auc": 0.9563299429402126,
    "pr_auc": 0.7066850226864662,
    "ks": 0.7683826878399223,
    "brier": 0.018124359028220564,
    "ece": 0.0024328368206179072,
    "bad_recall": 0.8581560283687943,
    "high_risk_rate": 0.1206391960840175,
    "score_mean": 0.03939368402488637,
    "score_std": 0.14739402095019452
  },
  "w2_metrics": {
    "row_count": 37142,
    "roc_auc": 0.9627328451551531,
    "pr_auc": 0.7179624955902842,
    "ks": 0.8069929846236459,
    "brier": 0.01787396459688771,
    "ece": 0.0023075266484030407,
    "bad_recall": 0.8978638184245661,
    "high_risk_rate": 0.12341823272844758,
    "score_mean": 0.04032915411252572,
    "score_std": 0.14918743150793382
  },
  "w3_metrics": {
    "row_count": 37049,
    "roc_auc": 0.9645276914814344,
    "pr_auc": 0.7364338681751518,
    "ks": 0.8068661382045563,
    "brier": 0.016990712768258157,
    "ece": 0.0019679982949201047,
    "bad_recall": 0.8967828418230563,
    "high_risk_rate": 0.122972279953575,
    "score_mean": 0.040188160611520495,
    "score_std": 0.14974515134734867
  }
}
