{
  "selection_window": "W0_threshold",
  "score_field": "calibrated_pd",
  "comparison": ">=",
  "minimum_bad_recall": 0.8,
  "selection_rule": "maximize KS; tie: lower high-risk rate, then higher threshold",
  "selected": {
    "threshold": 0.07792207792207792,
    "recall": 0.8449197860962567,
    "fpr": 0.0663029794376836,
    "ks": 0.7786168066585731,
    "high_risk_rate": 0.09569957601453664
  },
  "metrics": {
    "row_count": 4953,
    "roc_auc": 0.9551210557850729,
    "pr_auc": 0.7214242712982104,
    "ks": 0.7786168066585731,
    "brier": 0.01685058828066765,
    "ece": 0.003132484378242849,
    "bad_recall": 0.8449197860962567,
    "high_risk_rate": 0.09569957601453664,
    "score_mean": 0.03683081884753616,
    "score_std": 0.13786191068571607
  }
}
