{
  "model_id": "credit_model_048",
  "algorithm_family": "EBM",
  "feature_strategy_id": "F04",
  "random_seed": 2026048,
  "selected_parameters": {
    "interactions": 6,
    "learning_rate": 0.06,
    "max_bins": 256,
    "min_samples_leaf": 50,
    "outer_bags": 9
  },
  "calibrator": "Isotonic",
  "threshold": 0.05555555555555555,
  "status": "CHAMPION_V1_W1_HEALTHY",
  "training_seconds": 7.709454540978186,
  "model_sha256": "d608bb61f28f7d6dcc02b58bd80f73227792adbcf80f2125dae32b4997d235ec",
  "calibrator_sha256": "50cf668e455d8f654a77b59db024db4f3a5862b0086b5812ab001a91bb20a0da",
  "w1_metrics": {
    "row_count": 38611,
    "roc_auc": 0.9623328246351865,
    "pr_auc": 0.7468314677539745,
    "ks": 0.8040571808728105,
    "brier": 0.01649919492855762,
    "ece": 0.002414381672400468,
    "bad_recall": 0.869116698903933,
    "high_risk_rate": 0.09792546165600477,
    "score_mean": 0.03792079112432459,
    "score_std": 0.14632648745354226
  },
  "w2_metrics": {
    "row_count": 37142,
    "roc_auc": 0.9648896785883965,
    "pr_auc": 0.7471477780807206,
    "ks": 0.8052029571767332,
    "brier": 0.01661937351725746,
    "ece": 0.001683258773214846,
    "bad_recall": 0.8731642189586115,
    "high_risk_rate": 0.10136772387055086,
    "score_mean": 0.03879026360094133,
    "score_std": 0.14761590869140429
  },
  "w3_metrics": {
    "row_count": 37049,
    "roc_auc": 0.9655883492132595,
    "pr_auc": 0.7573340173038039,
    "ks": 0.8163168099010455,
    "brier": 0.01603311576671425,
    "ece": 0.002278550323373927,
    "bad_recall": 0.881367292225201,
    "high_risk_rate": 0.09792437042835164,
    "score_mean": 0.038503884522755556,
    "score_std": 0.14869887093946463
  }
}
