{
  "selection_window": "W0_threshold",
  "score_field": "calibrated_pd",
  "comparison": ">=",
  "minimum_bad_recall": 0.8,
  "selection_rule": "maximize KS; tie: lower high-risk rate, then higher threshold",
  "selected": {
    "threshold": 0.0847457627118644,
    "recall": 0.9090909090909091,
    "fpr": 0.04406210658833403,
    "ks": 0.8650288025025751,
    "high_risk_rate": 0.07672117908338381
  },
  "metrics": {
    "row_count": 4953,
    "roc_auc": 0.967806162635962,
    "pr_auc": 0.83789850206669,
    "ks": 0.8650288025025751,
    "brier": 0.011280652419525302,
    "ece": 0.004587610585078783,
    "bad_recall": 0.9090909090909091,
    "high_risk_rate": 0.07672117908338381,
    "score_mean": 0.03326628391174272,
    "score_std": 0.15275966362238927
  }
}
