{
  "selection_window": "W0_threshold",
  "score_field": "calibrated_pd",
  "comparison": ">=",
  "minimum_bad_recall": 0.8,
  "selection_rule": "maximize KS; tie: lower high-risk rate, then higher threshold",
  "selected": {
    "threshold": 0.03488372093023256,
    "recall": 0.9411764705882353,
    "fpr": 0.07553503986571548,
    "ks": 0.8656414307225198,
    "high_risk_rate": 0.1082172420755098
  },
  "metrics": {
    "row_count": 4953,
    "roc_auc": 0.969287241849015,
    "pr_auc": 0.846036850663864,
    "ks": 0.8656414307225198,
    "brier": 0.011332549498711092,
    "ece": 0.004046807614761101,
    "bad_recall": 0.9411764705882353,
    "high_risk_rate": 0.1082172420755098,
    "score_mean": 0.03388959751857676,
    "score_std": 0.15380105888209136
  }
}
