{
  "selection_window": "W0_threshold",
  "score_field": "calibrated_pd",
  "comparison": ">=",
  "minimum_bad_recall": 0.8,
  "selection_rule": "maximize KS; tie: lower high-risk rate, then higher threshold",
  "selected": {
    "threshold": 0.05747126436781609,
    "recall": 0.9037433155080213,
    "fpr": 0.08770457406630298,
    "ks": 0.8160387414417184,
    "high_risk_rate": 0.11851403189985867
  },
  "metrics": {
    "row_count": 4953,
    "roc_auc": 0.9609528051864701,
    "pr_auc": 0.7023763591385237,
    "ks": 0.8160387414417184,
    "brier": 0.017387385611794405,
    "ece": 0.003388632583666956,
    "bad_recall": 0.9037433155080213,
    "high_risk_rate": 0.11851403189985867,
    "score_mean": 0.037135519382888164,
    "score_std": 0.13962037085705167
  }
}
