{
  "selection_window": "W0_threshold",
  "score_field": "calibrated_pd",
  "comparison": ">=",
  "minimum_bad_recall": 0.8,
  "selection_rule": "maximize KS; tie: lower high-risk rate, then higher threshold",
  "selected": {
    "threshold": 0.05217391304347826,
    "recall": 0.8823529411764706,
    "fpr": 0.1005035669324381,
    "ks": 0.7818493742440324,
    "high_risk_rate": 0.13002220876236625
  },
  "metrics": {
    "row_count": 4953,
    "roc_auc": 0.9572961103718182,
    "pr_auc": 0.705636011334779,
    "ks": 0.7818493742440324,
    "brier": 0.01708939617237961,
    "ece": 0.003954621359684701,
    "bad_recall": 0.8823529411764706,
    "high_risk_rate": 0.13002220876236625,
    "score_mean": 0.03728732928095082,
    "score_std": 0.13805131436453297
  }
}
