{
  "selection_window": "W0_threshold",
  "score_field": "calibrated_pd",
  "comparison": ">=",
  "minimum_bad_recall": 0.8,
  "selection_rule": "maximize KS; tie: lower high-risk rate, then higher threshold",
  "selected": {
    "threshold": 0.0196078431372549,
    "recall": 0.946524064171123,
    "fpr": 0.06336550566512798,
    "ks": 0.883158558505995,
    "high_risk_rate": 0.09670906521300222
  },
  "metrics": {
    "row_count": 4953,
    "roc_auc": 0.971750658070423,
    "pr_auc": 0.8490178491870977,
    "ks": 0.883158558505995,
    "brier": 0.01063383981858501,
    "ece": 0.004035874932442852,
    "bad_recall": 0.946524064171123,
    "high_risk_rate": 0.09670906521300222,
    "score_mean": 0.033987810542023024,
    "score_std": 0.15694607961302126
  }
}
